"0","for (i in N:(L + 1)) {
  loglik[, i] <- log_lik(fit_i, newdata = df[i, ])
  logr[, i] <- - rowSums(loglik[, i:N, drop = FALSE])
  psis_i <- suppressWarnings(psis(logr[, i:N]))
  if (any(psis_i$diagnostics$pareto_k > 0.7)) {
    # refit the model based on the first i-1 observations
    fit_i <- update(fit_i, newdata = df[1:i, ], recompile = FALSE, chains = 1)
    loglik[, i] <- log_lik(fit_i, newdata = df[i, ])
    logr[, i] <- - rowSums(loglik[, i:N, drop = FALSE])
  }
}
"
"2","Start sampling
"
"1","
"
"1","SAMPLING"
"1"," FOR MODEL '"
"1","gaussian brms-model"
"1","' NOW (CHAIN "
"1","1"
"1",").
"
"1","
"
"1","Gradient evaluation took 0 seconds"
"1","
"
"1","1000 transitions using 10 leapfrog steps per transition would take 0 seconds."
"1","
"
"1","Adjust your expectations accordingly!"
"1","
"
"1","
"
"1","
"
"1","Iteration:    1 / 2000 [  0%]  (Warmup)"
"1","
"
"1","Iteration:  200 / 2000 [ 10%]  (Warmup)"
"1","
"
"1","Iteration:  400 / 2000 [ 20%]  (Warmup)"
"1","
"
"1","Iteration:  600 / 2000 [ 30%]  (Warmup)"
"1","
"
"1","Iteration:  800 / 2000 [ 40%]  (Warmup)"
"1","
"
"1","Iteration: 1000 / 2000 [ 50%]  (Warmup)"
"1","
"
"1","Iteration: 1001 / 2000 [ 50%]  (Sampling)"
"1","
"
"1","Iteration: 1200 / 2000 [ 60%]  (Sampling)"
"1","
"
"1","Iteration: 1400 / 2000 [ 70%]  (Sampling)"
"1","
"
"1","Iteration: 1600 / 2000 [ 80%]  (Sampling)"
"1","
"
"2","Start sampling
"
"1","
"
"1","SAMPLING"
"1"," FOR MODEL '"
"1","gaussian brms-model"
"1","' NOW (CHAIN "
"1","1"
"1",").
"
"1","
"
"1","Gradient evaluation took 0 seconds"
"1","
"
"1","1000 transitions using 10 leapfrog steps per transition would take 0 seconds."
"1","
"
"1","Adjust your expectations accordingly!"
"1","
"
"1","
"
"1","
"
"1","Iteration:    1 / 2000 [  0%]  (Warmup)"
"1","
"
"1","Iteration:  200 / 2000 [ 10%]  (Warmup)"
"1","
"
"1","Iteration: 1001 / 2000 [ 50%]  (Sampling)"
"1","
"
"1","Iteration: 1200 / 2000 [ 60%]  (Sampling)"
"1","
"
"1","Iteration: 1400 / 2000 [ 70%]  (Sampling)"
"1","
"
"1","Iteration: 1600 / 2000 [ 80%]  (Sampling)"
"1","
"
"2","Start sampling
"
"1","
"
"1","SAMPLING"
"1"," FOR MODEL '"
"1","gaussian brms-model"
"1","' NOW (CHAIN "
"1","1"
"1",").
"
"1","
"
"1","Gradient evaluation took 0 seconds"
"1","
"
"1","1000 transitions using 10 leapfrog steps per transition would take 0 seconds."
"1","
"
"1","Adjust your expectations accordingly!"
"1","
"
"1","
"
"1","
"
"1","Iteration:    1 / 2000 [  0%]  (Warmup)"
"1","
"
"1","Iteration:  200 / 2000 [ 10%]  (Warmup)"
"1","
"
"1","Iteration:  400 / 2000 [ 20%]  (Warmup)"
"1","
"
"1","Iteration:  600 / 2000 [ 30%]  (Warmup)"
"1","
"
"1","Iteration:  800 / 2000 [ 40%]  (Warmup)"
"1","
"
"1","Iteration: 1000 / 2000 [ 50%]  (Warmup)"
"1","
"
"1","Iteration: 1001 / 2000 [ 50%]  (Sampling)"
"1","
"
"1","Iteration: 1200 / 2000 [ 60%]  (Sampling)"
"1","
"
"1","Iteration: 1400 / 2000 [ 70%]  (Sampling)"
"1","
"
"1","Iteration: 1600 / 2000 [ 80%]  (Sampling)"
"1","
"
"1","Iteration: 1800 / 2000 [ 90%]  (Sampling)"
"1","
"
"1","Iteration: 2000 / 2000 [100%]  (Sampling)"
"1","
"
"1","
"
"1"," Elapsed Time: 0.031 seconds (Warm-up)"
"1","
"
"1","               0.047 seconds (Sampling)"
"1","
"
"1","               0.078 seconds (Total)"
"1","
"
"1","
"
"2","Start sampling
"
"1","
"
"1","SAMPLING"
"1"," FOR MODEL '"
"1","gaussian brms-model"
"1","' NOW (CHAIN "
"1","1"
"1",").
"
"1","
"
"1","Gradient evaluation took 0 seconds"
"1","
"
"1","1000 transitions using 10 leapfrog steps per transition would take 0 seconds."
"1","
"
"1","Adjust your expectations accordingly!"
"1","
"
"1","
"
"1","
"
"1","Iteration:    1 / 2000 [  0%]  (Warmup)"
"1","
"
"1","Iteration:  200 / 2000 [ 10%]  (Warmup)"
"1","
"
"1","Iteration:  400 / 2000 [ 20%]  (Warmup)"
"1","
"
"1","Iteration:  600 / 2000 [ 30%]  (Warmup)"
"1","
"
"1","Iteration:  800 / 2000 [ 40%]  (Warmup)"
"1","
"
"1","Iteration: 1000 / 2000 [ 50%]  (Warmup)"
"1","
"
"1","Iteration: 1001 / 2000 [ 50%]  (Sampling)"
"1","
"
"1","Iteration: 1200 / 2000 [ 60%]  (Sampling)"
"1","
"
"1","Iteration: 1400 / 2000 [ 70%]  (Sampling)"
"1","
"
"1","
"
"2","Start sampling
"
"1","
"
"1","SAMPLING"
"1"," FOR MODEL '"
"1","gaussian brms-model"
"1","' NOW (CHAIN "
"1","1"
"1",").
"
"1","
"
"1","Gradient evaluation took 0 seconds"
"1","
"
"1","1000 transitions using 10 leapfrog steps per transition would take 0 seconds."
"1","
"
"1","Adjust your expectations accordingly!"
"1","
"
"1","
"
"1","
"
"1","Iteration:    1 / 2000 [  0%]  (Warmup)"
"1","
"
"1","Iteration:  200 / 2000 [ 10%]  (Warmup)"
"1","
"
"1","Iteration:  400 / 2000 [ 20%]  (Warmup)"
"1","
"
"1","Iteration:  600 / 2000 [ 30%]  (Warmup)"
"1","
"
"1","Iteration:  800 / 2000 [ 40%]  (Warmup)"
"1","
"
"1","Iteration: 1000 / 2000 [ 50%]  (Warmup)"
"1","
"
"1","Iteration: 1001 / 2000 [ 50%]  (Sampling)"
"1","
"
"1","Iteration: 1200 / 2000 [ 60%]  (Sampling)"
"1","
"
"1","Iteration: 1400 / 2000 [ 70%]  (Sampling)"
"1","
"
"1","Iteration: 1600 / 2000 [ 80%]  (Sampling)"
"1","
"
"1","Iteration: 1800 / 2000 [ 90%]  (Sampling)"
"1","
"
"1","Iteration: 2000 / 2000 [100%]  (Sampling)"
"1","
"
"1","
"
"1"," Elapsed Time: 0.047 seconds (Warm-up)"
"1","
"
"1","               0.047 seconds (Sampling)"
"1","
"
"1","               0.094 seconds (Total)"
"1","
"
"1","
"
"2","Start sampling
"
"1","
"
"1","SAMPLING"
"1"," FOR MODEL '"
"1","gaussian brms-model"
"1","' NOW (CHAIN "
"1","1"
"1",").
"
"1","Iteration:  600 / 2000 [ 30%]  (Warmup)"
"1","
"
"1","Iteration:  800 / 2000 [ 40%]  (Warmup)"
"1","
"
"1","Iteration: 1000 / 2000 [ 50%]  (Warmup)"
"1","
"
"1","Iteration: 1001 / 2000 [ 50%]  (Sampling)"
"1","
"
"1","Iteration: 1200 / 2000 [ 60%]  (Sampling)"
"1","
"
"1","Iteration: 1400 / 2000 [ 70%]  (Sampling)"
"1","
"
"1","Iteration: 1600 / 2000 [ 80%]  (Sampling)"
"1","
"
"2","Start sampling
"
"1","
"
"1","SAMPLING"
"1"," FOR MODEL '"
"1","gaussian brms-model"
"1","' NOW (CHAIN "
"1","1"
"1",").
"
"1","
"
"1","Gradient evaluation took 0 seconds"
"1","
"
"1","1000 transitions using 10 leapfrog steps per transition would take 0 seconds."
"1","
"
"1","Adjust your expectations accordingly!"
"1","
"
"1","
"
"1","
"
"1","Iteration:    1 / 2000 [  0%]  (Warmup)"
"1","
"
"1","Iteration:  200 / 2000 [ 10%]  (Warmup)"
"1","Iteration: 1600 / 2000 [ 80%]  (Sampling)"
"1","
"
"1","Iteration: 1800 / 2000 [ 90%]  (Sampling)"
"1","
"
"1","Iteration: 2000 / 2000 [100%]  (Sampling)"
"1","
"
"1","
"
"1"," Elapsed Time: 0.047 seconds (Warm-up)"
"1","
"
"1","               0.031 seconds (Sampling)"
"1","
"
"1","               0.078 seconds (Total)"
"1","
"
"1","
"
"1","' NOW (CHAIN "
"1","1"
"1",").
"
"1","
"
"1","Gradient evaluation took 0 seconds"
"1","
"
"1","1000 transitions using 10 leapfrog steps per transition would take 0 seconds."
"1","
"
"1","Adjust your expectations accordingly!"
"1","
"
"1","
"
"1","
"
"1","Iteration:    1 / 2000 [  0%]  (Warmup)"
"1","
"
"1","Iteration:  200 / 2000 [ 10%]  (Warmup)"
"1","
"
"1","Iteration:  400 / 2000 [ 20%]  (Warmup)"
"1","
"
"1","Iteration:  600 / 2000 [ 30%]  (Warmup)"
"1","
"
"1","Iteration:  800 / 2000 [ 40%]  (Warmup)"
"1","
"
"1","Iteration: 1000 / 2000 [ 50%]  (Warmup)"
"1","
"
"1","Iteration: 1001 / 2000 [ 50%]  (Sampling)"
"1","Iteration: 1800 / 2000 [ 90%]  (Sampling)"
"1","
"
"1","Iteration: 2000 / 2000 [100%]  (Sampling)"
"1","
"
"1","
"
"1"," Elapsed Time: 0.046 seconds (Warm-up)"
"1","
"
"1","               0.032 seconds (Sampling)"
"1","
"
"1","               0.078 seconds (Total)"
"1","
"
"1","
"
"2","Start sampling
"
"1","
"
"1","SAMPLING"
"1"," FOR MODEL '"
"1","gaussian brms-model"
"1","' NOW (CHAIN "
"1","1"
"1",").
"
"1","
"
"1","Gradient evaluation took 0 seconds"
"1","
"
"1","1000 transitions using 10 leapfrog steps per transition would take 0 seconds."
"1","
"
"1","Adjust your expectations accordingly!"
"1","
"
"1","
"
"1","
"
"1","Iteration:    1 / 2000 [  0%]  (Warmup)"
"1","
"
"1","Iteration:  200 / 2000 [ 10%]  (Warmup)"
"1","
"
"1","Iteration:  400 / 2000 [ 20%]  (Warmup)"
"1","
"
"1","Iteration:  600 / 2000 [ 30%]  (Warmup)"
"1","
"
"1","Iteration:  800 / 2000 [ 40%]  (Warmup)"
"1","
"
"1","Iteration: 1000 / 2000 [ 50%]  (Warmup)"
"1","
"
"1","Iteration: 1001 / 2000 [ 50%]  (Sampling)"
"1","
"
"1","Iteration: 1200 / 2000 [ 60%]  (Sampling)"
"1","
"
"1","Iteration: 1400 / 2000 [ 70%]  (Sampling)"
"1","
"
"1","Iteration: 1600 / 2000 [ 80%]  (Sampling)"
"1","
"
"1","Iteration: 1800 / 2000 [ 90%]  (Sampling)"
"1","
"
"1","Iteration: 2000 / 2000 [100%]  (Sampling)"
"1","
"
"1","
"
"1"," Elapsed Time: 0.047 seconds (Warm-up)"
"1","
"
"1","               0.047 seconds (Sampling)"
"1","
"
"1","               0.094 seconds (Total)"
"1","
"
"1","
"
"2","Start sampling
"
"1","
"
"1","SAMPLING"
"1"," FOR MODEL '"
"1","gaussian brms-model"
"1","' NOW (CHAIN "
"1","1"
"1",").
"
"1","
"
"1","Gradient evaluation took 0 seconds"
"1","
"
"1","1000 transitions using 10 leapfrog steps per transition would take 0 seconds."
"1","
"
"1","Adjust your expectations accordingly!"
"1","
"
"1","
"
"1","
"
"1","Iteration:    1 / 2000 [  0%]  (Warmup)"
"1","
"
"1","Iteration:  200 / 2000 [ 10%]  (Warmup)"
"1","
"
"1","Iteration:  400 / 2000 [ 20%]  (Warmup)"
"1","
"
"1","Iteration:  600 / 2000 [ 30%]  (Warmup)"
"1","
"
"1","Iteration:  800 / 2000 [ 40%]  (Warmup)"
"1","
"
"1","Iteration: 1000 / 2000 [ 50%]  (Warmup)"
"1","
"
"1","Iteration: 1001 / 2000 [ 50%]  (Sampling)"
"1","
"
"1","Iteration: 1200 / 2000 [ 60%]  (Sampling)"
"1","
"
"1","Iteration: 1400 / 2000 [ 70%]  (Sampling)"
"1","
"
"1","Iteration: 1600 / 2000 [ 80%]  (Sampling)"
"1","
"
"1","Iteration: 1800 / 2000 [ 90%]  (Sampling)"
"1","
"
"1","Iteration: 2000 / 2000 [100%]  (Sampling)"
"1","
"
"1","
"
"1"," Elapsed Time: 0.047 seconds (Warm-up)"
"1","
"
"1","               0.031 seconds (Sampling)"
"1","
"
"1","               0.078 seconds (Total)"
"1","
"
"1","
"
"2","Start sampling
"
"1","
"
"1","SAMPLING"
"1"," FOR MODEL '"
"1","gaussian brms-model"
"1","' NOW (CHAIN "
"1","1"
"1",").
"
"1","
"
"1","Gradient evaluation took 0 seconds"
"1","
"
"1","1000 transitions using 10 leapfrog steps per transition would take 0 seconds."
"1","
"
"1","Adjust your expectations accordingly!"
"1","
"
"1","
"
"1","
"
"1","Iteration:    1 / 2000 [  0%]  (Warmup)"
"1","
"
"1","Iteration:  200 / 2000 [ 10%]  (Warmup)"
"1","
"
"1","Iteration:  400 / 2000 [ 20%]  (Warmup)"
"1","
"
"1","Iteration:  600 / 2000 [ 30%]  (Warmup)"
"1","
"
"1","Iteration:  800 / 2000 [ 40%]  (Warmup)"
"1","
"
"1","Iteration: 1000 / 2000 [ 50%]  (Warmup)"
"1","
"
"1","Iteration: 1001 / 2000 [ 50%]  (Sampling)"
"1","
"
"1","Iteration: 1200 / 2000 [ 60%]  (Sampling)"
"1","
"
"1","Iteration: 1400 / 2000 [ 70%]  (Sampling)"
"1","
"
"1","Iteration: 1600 / 2000 [ 80%]  (Sampling)"
"1","
"
"1","Iteration: 1800 / 2000 [ 90%]  (Sampling)"
"1","
"
"1","Iteration: 2000 / 2000 [100%]  (Sampling)"
"1","
"
"1","
"
"1"," Elapsed Time: 0.047 seconds (Warm-up)"
"1","
"
"1","               0.047 seconds (Sampling)"
"1","
"
"1","               0.094 seconds (Total)"
"1","
"
"1","
"
"2","Start sampling
"
"1","
"
"1","SAMPLING"
"1"," FOR MODEL '"
"1","gaussian brms-model"
"1","' NOW (CHAIN "
"1","1"
"1",").
"
"1","
"
"1","Gradient evaluation took 0 seconds"
"1","
"
"1","1000 transitions using 10 leapfrog steps per transition would take 0 seconds."
"1","
"
"1","Adjust your expectations accordingly!"
"1","
"
"1","
"
"1","
"
"1","Iteration:    1 / 2000 [  0%]  (Warmup)"
"1","
"
"1","Iteration:  200 / 2000 [ 10%]  (Warmup)"
"1","
"
"1","
"
"1","Iteration: 1001 / 2000 [ 50%]  (Sampling)"
"1","
"
"1","Iteration: 1200 / 2000 [ 60%]  (Sampling)"
"1","
"
"1","Iteration: 1400 / 2000 [ 70%]  (Sampling)"
"1","
"
"1","Iteration: 1600 / 2000 [ 80%]  (Sampling)"
"1","
"
"1","Iteration: 1800 / 2000 [ 90%]  (Sampling)"
"1","
"
"1","Iteration: 2000 / 2000 [100%]  (Sampling)"
"1","
"
"1","
"
"1"," Elapsed Time: 0.047 seconds (Warm-up)"
"1","
"
"1","               0.031 seconds (Sampling)"
"1","
"
"1","               0.078 seconds (Total)"
"1","
"
"1","
"
"2","Start sampling
"
"1","
"
"1","SAMPLING"
"1"," FOR MODEL '"
"1","gaussian brms-model"
"1","' NOW (CHAIN "
"1","1"
"1",").
"
"1","
"
"1","Gradient evaluation took 0 seconds"
"1","
"
"1","1000 transitions using 10 leapfrog steps per transition would take 0 seconds."
"1","
"
"1","Adjust your expectations accordingly!"
"1","
"
"1","
"
"1","
"
"1","Iteration:    1 / 2000 [  0%]  (Warmup)"
"1","
"
"1","Iteration:  200 / 2000 [ 10%]  (Warmup)"
"1","
"
"1","Iteration:  400 / 2000 [ 20%]  (Warmup)"
"1","
"
"1","Iteration:  600 / 2000 [ 30%]  (Warmup)"
"1","
"
"1","Iteration:  800 / 2000 [ 40%]  (Warmup)"
"1","
"
"1","Iteration: 1000 / 2000 [ 50%]  (Warmup)"
"1","
"
"1","Iteration: 1001 / 2000 [ 50%]  (Sampling)"
"1","
"
"1","Iteration: 1200 / 2000 [ 60%]  (Sampling)"
"1","
"
"1","Iteration: 1400 / 2000 [ 70%]  (Sampling)"
"1","
"
"1","Iteration: 1600 / 2000 [ 80%]  (Sampling)"
"1","
"
"1","Iteration: 1800 / 2000 [ 90%]  (Sampling)"
"1","
"
"1","Iteration: 2000 / 2000 [100%]  (Sampling)"
"1","
"
"1","
"
"1"," Elapsed Time: 0.031 seconds (Warm-up)"
"1","
"
"1","               0.085 seconds (Sampling)"
"1","
"
"1","               0.116 seconds (Total)"
"1","
"
"1","
"
"2","Start sampling
"
"1","
"
"1","SAMPLING"
"1"," FOR MODEL '"
"1","gaussian brms-model"
"1","' NOW (CHAIN "
"1","1"
"1",").
"
"1","
"
"1","Gradient evaluation took 0 seconds"
"1","
"
"1","1000 transitions using 10 leapfrog steps per transition would take 0 seconds."
"1","
"
"1","Adjust your expectations accordingly!"
"1","
"
"1","
"
"1","
"
"1","Iteration:    1 / 2000 [  0%]  (Warmup)"
"1","
"
"1","Iteration: 1000 / 2000 [ 50%]  (Warmup)"
"1","
"
"1","Iteration: 1001 / 2000 [ 50%]  (Sampling)"
"1","
"
"1","Iteration: 1200 / 2000 [ 60%]  (Sampling)"
"1","
"
"1","Iteration: 1400 / 2000 [ 70%]  (Sampling)"
"1","
"
"1","Iteration: 1600 / 2000 [ 80%]  (Sampling)"
"1","
"
"1","Iteration: 1800 / 2000 [ 90%]  (Sampling)"
"1","
"
"1","Iteration: 2000 / 2000 [100%]  (Sampling)"
"1","
"
"1","
"
"1"," Elapsed Time: 0.032 seconds (Warm-up)"
"1","
"
"1","               0.078 seconds (Sampling)"
"1","
"
"1","               0.11 seconds (Total)"
"1","
"
"1","
"
"2","Start sampling
"
"1","
"
"1","SAMPLING"
"1"," FOR MODEL '"
"1","gaussian brms-model"
"1","' NOW (CHAIN "
"1","1"
"1",").
"
"1","
"
"1","Gradient evaluation took 0 seconds"
"1","
"
"1","1000 transitions using 10 leapfrog steps per transition would take 0 seconds."
"1","
"
"1","Adjust your expectations accordingly!"
"1","
"
"1","
"
"1","
"
"1","Iteration:    1 / 2000 [  0%]  (Warmup)"
"1","
"
"1","Iteration:  200 / 2000 [ 10%]  (Warmup)"
"1","
"
"1","Iteration:  400 / 2000 [ 20%]  (Warmup)"
"1","
"
"1","Iteration:  600 / 2000 [ 30%]  (Warmup)"
"1","
"
"1","Iteration: 1400 / 2000 [ 70%]  (Sampling)"
"1","
"
"1","Iteration: 1600 / 2000 [ 80%]  (Sampling)"
"1","
"
"1","Iteration: 1800 / 2000 [ 90%]  (Sampling)"
"1","
"
"2","Start sampling
"
"1","
"
"1","SAMPLING"
"1"," FOR MODEL '"
"1","gaussian brms-model"
"1","' NOW (CHAIN "
"1","1"
"1",").
"
"1","
"
"1","Gradient evaluation took 0 seconds"
"1","
"
"1","1000 transitions using 10 leapfrog steps per transition would take 0 seconds."
"1","
"
"1","Adjust your expectations accordingly!"
"1","
"
"1","
"
"1","
"
"1","Iteration:    1 / 2000 [  0%]  (Warmup)"
"1","
"
"1","Iteration: 1000 / 2000 [ 50%]  (Warmup)"
"1","
"
"1","Iteration: 1001 / 2000 [ 50%]  (Sampling)"
"1","
"
"1","Iteration: 1200 / 2000 [ 60%]  (Sampling)"
"1","
"
"1","Iteration: 1400 / 2000 [ 70%]  (Sampling)"
"1","
"
"1","Iteration: 1600 / 2000 [ 80%]  (Sampling)"
"1","
"
"1","Iteration: 1800 / 2000 [ 90%]  (Sampling)"
"1","
"
"1","Iteration: 2000 / 2000 [100%]  (Sampling)"
"1","
"
"1","
"
"1"," Elapsed Time: 0.035 seconds (Warm-up)"
"1","
"
"1","               0.047 seconds (Sampling)"
"1","
"
"1","               0.082 seconds (Total)"
"1","
"
"1","
"
"2","Start sampling
"
"1","
"
"1","SAMPLING"
"1"," FOR MODEL '"
"1","gaussian brms-model"
"1","' NOW (CHAIN "
"1","1"
"1",").
"
"1","
"
"1","Gradient evaluation took 0 seconds"
"1","
"
"1","1000 transitions using 10 leapfrog steps per transition would take 0 seconds."
"1","
"
"1","Adjust your expectations accordingly!"
"1","
"
"1","
"
"1","
"
"1","Iteration:    1 / 2000 [  0%]  (Warmup)"
"1","
"
"1","Iteration:  200 / 2000 [ 10%]  (Warmup)"
"1","
"
"1","Iteration:  400 / 2000 [ 20%]  (Warmup)"
"1","
"
"1","Iteration:  600 / 2000 [ 30%]  (Warmup)"
"1","
"
"1","Iteration:  800 / 2000 [ 40%]  (Warmup)"
"1","
"
"1","Iteration: 1000 / 2000 [ 50%]  (Warmup)"
"1","
"
"1","Iteration: 1001 / 2000 [ 50%]  (Sampling)"
"1","
"
"1","Iteration: 1200 / 2000 [ 60%]  (Sampling)"
"1","
"
"1","Iteration: 1400 / 2000 [ 70%]  (Sampling)"
"1","
"
"1","Iteration: 1800 / 2000 [ 90%]  (Sampling)"
"1","
"
"1","Iteration: 2000 / 2000 [100%]  (Sampling)"
"1","
"
"1","
"
"1"," Elapsed Time: 0.031 seconds (Warm-up)"
"1","
"
"2","Start sampling
"
"1","
"
"1","SAMPLING"
"1"," FOR MODEL '"
"1","gaussian brms-model"
"1","' NOW (CHAIN "
"1","1"
"1",").
"
"1","
"
"1","Gradient evaluation took 0 seconds"
"1","
"
"1","1000 transitions using 10 leapfrog steps per transition would take 0 seconds."
"1","
"
"1","Adjust your expectations accordingly!"
"1","
"
"1","
"
"1","
"
"1","Iteration:    1 / 2000 [  0%]  (Warmup)"
"1","
"
"1","Iteration:  200 / 2000 [ 10%]  (Warmup)"
"1","
"
"1","Iteration: 1001 / 2000 [ 50%]  (Sampling)"
"1","
"
"1","Iteration: 1200 / 2000 [ 60%]  (Sampling)"
"1","
"
"1","Iteration: 1400 / 2000 [ 70%]  (Sampling)"
"1","
"
"1","Iteration: 1600 / 2000 [ 80%]  (Sampling)"
"1","
"
"1","Iteration: 1800 / 2000 [ 90%]  (Sampling)"
"1","
"
"1","Iteration: 2000 / 2000 [100%]  (Sampling)"
"1","
"
"1","
"
"1"," Elapsed Time: 0.032 seconds (Warm-up)"
"1","
"
"1","               0.046 seconds (Sampling)"
"1","
"
"1","               0.078 seconds (Total)"
"1","
"
"1","
"
"2","Start sampling
"
"1","
"
"1","SAMPLING"
"1"," FOR MODEL '"
"1","gaussian brms-model"
"1","' NOW (CHAIN "
"1","1"
"1",").
"
"1","
"
"1","Gradient evaluation took 0 seconds"
"1","
"
"1","1000 transitions using 10 leapfrog steps per transition would take 0 seconds."
"1","
"
"1","Adjust your expectations accordingly!"
"1","
"
"1","
"
"1","
"
"1","Iteration:    1 / 2000 [  0%]  (Warmup)"
"1","
"
"1","Iteration:  200 / 2000 [ 10%]  (Warmup)"
"1","
"
"1","Iteration:  400 / 2000 [ 20%]  (Warmup)"
"1","
"
"1","Iteration:  600 / 2000 [ 30%]  (Warmup)"
"1","
"
"1","Iteration:  800 / 2000 [ 40%]  (Warmup)"
"1","
"
"1","Iteration: 1000 / 2000 [ 50%]  (Warmup)"
"1","
"
"1","Iteration: 1001 / 2000 [ 50%]  (Sampling)"
"1","
"
"1","Iteration: 1200 / 2000 [ 60%]  (Sampling)"
"1","
"
"1","Iteration: 1400 / 2000 [ 70%]  (Sampling)"
"1","
"
"1","Iteration: 1600 / 2000 [ 80%]  (Sampling)"
"1","
"
"1","Iteration: 1800 / 2000 [ 90%]  (Sampling)"
"1","
"
"1","Iteration: 2000 / 2000 [100%]  (Sampling)"
"1","
"
"1","
"
"1"," Elapsed Time: 0.047 seconds (Warm-up)"
"1","
"
"1","               0.062 seconds (Sampling)"
"1","
"
"1","               0.109 seconds (Total)"
"1","
"
"1","
"
"2","Start sampling
"
"1","
"
"1","SAMPLING"
"1"," FOR MODEL '"
"1","gaussian brms-model"
"1","' NOW (CHAIN "
"1","1"
"1",").
"
"1","
"
"1","Gradient evaluation took 0 seconds"
"1","
"
"1","1000 transitions using 10 leapfrog steps per transition would take 0 seconds."
"1","
"
"1","Adjust your expectations accordingly!"
"1","
"
"1","
"
"1","
"
"1","Iteration:    1 / 2000 [  0%]  (Warmup)"
"1","
"
"1","Iteration:  200 / 2000 [ 10%]  (Warmup)"
"1","
"
"1","Iteration:  400 / 2000 [ 20%]  (Warmup)"
"1","
"
"1","Iteration:  600 / 2000 [ 30%]  (Warmup)"
"1","
"
"1","Iteration:  800 / 2000 [ 40%]  (Warmup)"
"1","
"
"1","Iteration: 1000 / 2000 [ 50%]  (Warmup)"
"1","
"
"1","Iteration: 1001 / 2000 [ 50%]  (Sampling)"
"1","
"
"1","Iteration: 1200 / 2000 [ 60%]  (Sampling)"
"1","
"
"1","Iteration: 1400 / 2000 [ 70%]  (Sampling)"
"1","
"
"1","Iteration: 1600 / 2000 [ 80%]  (Sampling)"
"1","
"
"1","Iteration: 1800 / 2000 [ 90%]  (Sampling)"
"1","
"
"1","Iteration: 2000 / 2000 [100%]  (Sampling)"
"1","
"
"1","
"
"1"," Elapsed Time: 0.031 seconds (Warm-up)"
"1","
"
"1","               0.047 seconds (Sampling)"
"1","
"
"1","               0.078 seconds (Total)"
"1","
"
"1","
"
"2","Start sampling
"
"1","
"
"1","SAMPLING"
"1"," FOR MODEL '"
"1","gaussian brms-model"
"1","' NOW (CHAIN "
"1","1"
"1",").
"
"1","
"
"1","Gradient evaluation took 0 seconds"
"1","
"
"1","1000 transitions using 10 leapfrog steps per transition would take 0 seconds."
"1","
"
"1","Adjust your expectations accordingly!"
"1","
"
"1","
"
"1","
"
"1","Iteration:    1 / 2000 [  0%]  (Warmup)"
"1","
"
"1","Iteration:  200 / 2000 [ 10%]  (Warmup)"
"1","
"
"1","Iteration:  400 / 2000 [ 20%]  (Warmup)"
"1","
"
"1","Iteration:  600 / 2000 [ 30%]  (Warmup)"
"1","
"
"1","Iteration:  800 / 2000 [ 40%]  (Warmup)"
"1","
"
"1","Iteration: 1000 / 2000 [ 50%]  (Warmup)"
"1","
"
"1","Iteration: 1001 / 2000 [ 50%]  (Sampling)"
"1","
"
"1","Iteration: 1200 / 2000 [ 60%]  (Sampling)"
"1","
"
"1","Iteration: 1400 / 2000 [ 70%]  (Sampling)"
"1","
"
"1","Iteration: 1600 / 2000 [ 80%]  (Sampling)"
"1","
"
"1","Iteration: 1800 / 2000 [ 90%]  (Sampling)"
"1","
"
"1","Iteration: 2000 / 2000 [100%]  (Sampling)"
"1","
"
"1","
"
"1"," Elapsed Time: 0.032 seconds (Warm-up)"
"1","
"
"1","               0.046 seconds (Sampling)"
"1","
"
"1","               0.078 seconds (Total)"
"1","
"
"1","
"
"2","Start sampling
"
"1","
"
"1","SAMPLING"
"1"," FOR MODEL '"
"1","gaussian brms-model"
"1","' NOW (CHAIN "
"1","1"
"1",").
"
"1","
"
"1","Gradient evaluation took 0 seconds"
"1","
"
"1","1000 transitions using 10 leapfrog steps per transition would take 0 seconds."
"1","
"
"1","Adjust your expectations accordingly!"
"1","
"
"1","
"
"1","
"
"1","Iteration:    1 / 2000 [  0%]  (Warmup)"
"1","
"
"1","Iteration:  200 / 2000 [ 10%]  (Warmup)"
"1","
"
"1","Iteration:  400 / 2000 [ 20%]  (Warmup)"
"1","
"
"1","Iteration:  600 / 2000 [ 30%]  (Warmup)"
"1","
"
"1","Iteration:  800 / 2000 [ 40%]  (Warmup)"
"1","
"
"1","Iteration: 1000 / 2000 [ 50%]  (Warmup)"
"1","
"
"1","Iteration: 1001 / 2000 [ 50%]  (Sampling)"
"1","
"
"1","Iteration: 1200 / 2000 [ 60%]  (Sampling)"
"1","
"
"1","Iteration: 1400 / 2000 [ 70%]  (Sampling)"
"1","
"
"1","Iteration: 1600 / 2000 [ 80%]  (Sampling)"
"1","
"
"1","Iteration: 1800 / 2000 [ 90%]  (Sampling)"
"1","
"
"1","Iteration: 2000 / 2000 [100%]  (Sampling)"
"1","
"
"1","
"
"1"," Elapsed Time: 0.047 seconds (Warm-up)"
"1","
"
"1","               0.032 seconds (Sampling)"
"1","
"
"1","               0.079 seconds (Total)"
"1","
"
"1","
"
"2","Start sampling
"
"1","
"
"1","SAMPLING"
"1"," FOR MODEL '"
"1","gaussian brms-model"
"1","' NOW (CHAIN "
"1","1"
"1",").
"
"1","
"
"1","Gradient evaluation took 0 seconds"
"1","
"
"1","1000 transitions using 10 leapfrog steps per transition would take 0 seconds."
"1","
"
"1","Adjust your expectations accordingly!"
"1","
"
"1","
"
"1","
"
"1","Iteration:    1 / 2000 [  0%]  (Warmup)"
"1","
"
"1","Iteration:  200 / 2000 [ 10%]  (Warmup)"
"1","
"
"1","Iteration:  400 / 2000 [ 20%]  (Warmup)"
"1","
"
"1","Iteration:  600 / 2000 [ 30%]  (Warmup)"
"1","
"
"1","Iteration:  800 / 2000 [ 40%]  (Warmup)"
"1","
"
"1","Iteration: 1800 / 2000 [ 90%]  (Sampling)"
"1","
"
"1","Iteration: 2000 / 2000 [100%]  (Sampling)"
"1","
"
"1","
"
"1"," Elapsed Time: 0.047 seconds (Warm-up)"
"1","
"
"1","               0.031 seconds (Sampling)"
"1","
"
"1","               0.078 seconds (Total)"
"1","
"
"1","
"
"2","Start sampling
"
"1","
"
"1","SAMPLING"
"1"," FOR MODEL '"
"1","gaussian brms-model"
"1","' NOW (CHAIN "
"1","1"
"1",").
"
"1","
"
"1","Gradient evaluation took 0 seconds"
"1","
"
"1","1000 transitions using 10 leapfrog steps per transition would take 0 seconds."
"1","
"
"1","Adjust your expectations accordingly!"
"1","
"
"1","
"
"1","
"
"1","Iteration:    1 / 2000 [  0%]  (Warmup)"
"1","
"
"1","Iteration:  200 / 2000 [ 10%]  (Warmup)"
"1","
"
"1","Iteration:  400 / 2000 [ 20%]  (Warmup)"
"1","
"
"1","Iteration:  600 / 2000 [ 30%]  (Warmup)"
"1","
"
"1","Iteration:  800 / 2000 [ 40%]  (Warmup)"
"1","
"
"1","Iteration: 1000 / 2000 [ 50%]  (Warmup)"
"1","
"
"1","Iteration: 1001 / 2000 [ 50%]  (Sampling)"
"1","
"
"1","Iteration: 1200 / 2000 [ 60%]  (Sampling)"
"1","
"
"1","Iteration: 1400 / 2000 [ 70%]  (Sampling)"
"1","
"
"1","Iteration: 1600 / 2000 [ 80%]  (Sampling)"
"1","
"
"1","Iteration: 1800 / 2000 [ 90%]  (Sampling)"
"1","
"
"1","Iteration: 2000 / 2000 [100%]  (Sampling)"
"2","Start sampling
"
"1","
"
"1","SAMPLING"
"1"," FOR MODEL '"
"1","gaussian brms-model"
"1","' NOW (CHAIN "
"1","1"
"1",").
"
"1","
"
"1","Gradient evaluation took 0 seconds"
"1","
"
"1","1000 transitions using 10 leapfrog steps per transition would take 0 seconds."
"1","
"
"1","Adjust your expectations accordingly!"
"1","
"
"1","
"
"1","
"
"1","Iteration:    1 / 2000 [  0%]  (Warmup)"
"1","
"
"1","Iteration: 1000 / 2000 [ 50%]  (Warmup)"
"1","
"
"1","Iteration: 1001 / 2000 [ 50%]  (Sampling)"
"1","
"
"1","Iteration: 1200 / 2000 [ 60%]  (Sampling)"
"1","
"
"1","Iteration: 1400 / 2000 [ 70%]  (Sampling)"
"1","
"
"1","Iteration: 1600 / 2000 [ 80%]  (Sampling)"
"1","
"
"1","Iteration: 1800 / 2000 [ 90%]  (Sampling)"
"1","
"
"1","Iteration: 2000 / 2000 [100%]  (Sampling)"
"1","
"
"1","
"
"1"," Elapsed Time: 0.047 seconds (Warm-up)"
"1","
"
"1","               0.047 seconds (Sampling)"
"1","
"
"1","               0.094 seconds (Total)"
"1","
"
"1","
"
"2","Start sampling
"
"1","
"
"1","SAMPLING"
"1"," FOR MODEL '"
"1","gaussian brms-model"
"1","' NOW (CHAIN "
"1","1"
"1",").
"
"1","
"
"1","Gradient evaluation took 0 seconds"
"1","
"
"1","1000 transitions using 10 leapfrog steps per transition would take 0 seconds."
"1","
"
"1","Adjust your expectations accordingly!"
"1","
"
"1","
"
"1","
"
"1","Iteration:    1 / 2000 [  0%]  (Warmup)"
"1","
"
"1","Iteration:  200 / 2000 [ 10%]  (Warmup)"
"1","
"
"1","Iteration:  400 / 2000 [ 20%]  (Warmup)"
"1","
"
"1","Iteration:  600 / 2000 [ 30%]  (Warmup)"
"1","
"
"1","Iteration:  800 / 2000 [ 40%]  (Warmup)"
"1","
"
"1","Iteration: 1000 / 2000 [ 50%]  (Warmup)"
"1","
"
"1","Iteration: 1001 / 2000 [ 50%]  (Sampling)"
"1","
"
"1","Iteration: 1200 / 2000 [ 60%]  (Sampling)"
"1","
"
"1","Iteration: 1400 / 2000 [ 70%]  (Sampling)"
"1","
"
"1","Iteration: 1600 / 2000 [ 80%]  (Sampling)"
"1","
"
"1","Iteration: 1800 / 2000 [ 90%]  (Sampling)"
"1","
"
"1","Iteration: 2000 / 2000 [100%]  (Sampling)"
"1","
"
"1","
"
"1"," Elapsed Time: 0.047 seconds (Warm-up)"
"1","
"
"1","               0.031 seconds (Sampling)"
"1","
"
"1","               0.078 seconds (Total)"
"1","
"
"1","
"
"2","Start sampling
"
"1","
"
"1","SAMPLING"
"1"," FOR MODEL '"
"1","gaussian brms-model"
"1","' NOW (CHAIN "
"1","1"
"1",").
"
"1","
"
"1","Gradient evaluation took 0 seconds"
"1","
"
"1","1000 transitions using 10 leapfrog steps per transition would take 0 seconds."
"1","
"
"1","Adjust your expectations accordingly!"
"1","
"
"1","
"
"1","
"
"1","Iteration:    1 / 2000 [  0%]  (Warmup)"
"1","
"
"1","Iteration:  200 / 2000 [ 10%]  (Warmup)"
"1","
"
"1","Iteration:  400 / 2000 [ 20%]  (Warmup)"
"1","
"
"1","Iteration:  600 / 2000 [ 30%]  (Warmup)"
"1","
"
"1","Iteration:  800 / 2000 [ 40%]  (Warmup)"
"1","
"
"1","Iteration: 1000 / 2000 [ 50%]  (Warmup)"
"1","
"
"1","Iteration: 1001 / 2000 [ 50%]  (Sampling)"
"1","
"
"1","Iteration: 1200 / 2000 [ 60%]  (Sampling)"
"1","
"
"1","Iteration: 1400 / 2000 [ 70%]  (Sampling)"
"1","
"
"1","Iteration: 1600 / 2000 [ 80%]  (Sampling)"
"1","
"
"1","Iteration: 1800 / 2000 [ 90%]  (Sampling)"
"1","
"
"1","Iteration: 2000 / 2000 [100%]  (Sampling)"
"1","
"
"1","
"
"1"," Elapsed Time: 0.031 seconds (Warm-up)"
"1","
"
"1","               0.047 seconds (Sampling)"
"1","
"
"1","               0.078 seconds (Total)"
"1","
"
"1","
"
"2","Start sampling
"
"1","
"
"1","SAMPLING"
"1"," FOR MODEL '"
"1","gaussian brms-model"
"1","' NOW (CHAIN "
"1","1"
"1",").
"
"1","
"
"1","Gradient evaluation took 0 seconds"
"1","
"
"1","1000 transitions using 10 leapfrog steps per transition would take 0 seconds."
"1","
"
"1","Adjust your expectations accordingly!"
"1","
"
"1","
"
"1","
"
"1","Iteration:    1 / 2000 [  0%]  (Warmup)"
"1","
"
"1","Iteration:  200 / 2000 [ 10%]  (Warmup)"
"1","
"
"1","Iteration:  400 / 2000 [ 20%]  (Warmup)"
"1","
"
"1","Iteration:  600 / 2000 [ 30%]  (Warmup)"
"1","
"
"1","Iteration:  800 / 2000 [ 40%]  (Warmup)"
"1","
"
"1","Iteration: 1000 / 2000 [ 50%]  (Warmup)"
"1","
"
"1","Iteration: 1001 / 2000 [ 50%]  (Sampling)"
"1","
"
"1","Iteration: 1200 / 2000 [ 60%]  (Sampling)"
"1","
"
"1","Iteration: 1400 / 2000 [ 70%]  (Sampling)"
"1","
"
"1","Iteration: 1600 / 2000 [ 80%]  (Sampling)"
"1","
"
"1","Iteration: 1800 / 2000 [ 90%]  (Sampling)"
"1","
"
"1","Iteration: 2000 / 2000 [100%]  (Sampling)"
"1","
"
"1","
"
"1"," Elapsed Time: 0.047 seconds (Warm-up)"
"1","
"
"1","               0.063 seconds (Sampling)"
"1","
"
"1","               0.11 seconds (Total)"
"1","
"
"1","
"
"2","Start sampling
"
"1","
"
"1","SAMPLING"
"1"," FOR MODEL '"
"1","gaussian brms-model"
"1","' NOW (CHAIN "
"1","1"
"1",").
"
"1","
"
"1","Gradient evaluation took 0 seconds"
"1","
"
"1","1000 transitions using 10 leapfrog steps per transition would take 0 seconds."
"1","
"
"1","Adjust your expectations accordingly!"
"1","
"
"1","
"
"1","
"
"1","Iteration:    1 / 2000 [  0%]  (Warmup)"
"1","
"
"1","Iteration:  200 / 2000 [ 10%]  (Warmup)"
"1","
"
"1","Iteration:  400 / 2000 [ 20%]  (Warmup)"
"1","
"
"1","Iteration:  600 / 2000 [ 30%]  (Warmup)"
"1","
"
"1","Iteration:  800 / 2000 [ 40%]  (Warmup)"
"1","
"
"1","Iteration: 1000 / 2000 [ 50%]  (Warmup)"
"1","
"
"1","Iteration: 1001 / 2000 [ 50%]  (Sampling)"
"1","
"
"1","Iteration: 1200 / 2000 [ 60%]  (Sampling)"
"1","
"
"1","Iteration: 1400 / 2000 [ 70%]  (Sampling)"
"1","
"
"1","Iteration: 1600 / 2000 [ 80%]  (Sampling)"
"1","
"
"1","Iteration: 1800 / 2000 [ 90%]  (Sampling)"
"1","
"
"1","Iteration: 2000 / 2000 [100%]  (Sampling)"
"1","
"
"1","
"
"1"," Elapsed Time: 0.031 seconds (Warm-up)"
"1","
"
"1","               0.032 seconds (Sampling)"
"1","
"
"1","               0.063 seconds (Total)"
"1","
"
"1","
"
"2","Start sampling
"
"1","
"
"1","SAMPLING"
"1"," FOR MODEL '"
"1","gaussian brms-model"
"1","' NOW (CHAIN "
"1","1"
"1",").
"
"1","
"
"1","Gradient evaluation took 0 seconds"
"1","
"
"1","1000 transitions using 10 leapfrog steps per transition would take 0 seconds."
"1","
"
"1","Adjust your expectations accordingly!"
"1","
"
"1","
"
"1","
"
"1","Iteration:    1 / 2000 [  0%]  (Warmup)"
"1","
"
"1","Iteration:  200 / 2000 [ 10%]  (Warmup)"
"1","
"
"1","Iteration:  400 / 2000 [ 20%]  (Warmup)"
"1","
"
"1","Iteration:  600 / 2000 [ 30%]  (Warmup)"
"1","
"
"1","Iteration:  800 / 2000 [ 40%]  (Warmup)"
"1","
"
"1","Iteration: 1000 / 2000 [ 50%]  (Warmup)"
"1","
"
"1","Iteration: 1001 / 2000 [ 50%]  (Sampling)"
"1","
"
"1","Iteration: 1200 / 2000 [ 60%]  (Sampling)"
"1","
"
"1","Iteration: 1400 / 2000 [ 70%]  (Sampling)"
"1","
"
"1","Iteration: 1600 / 2000 [ 80%]  (Sampling)"
"1","
"
"1","Iteration: 1800 / 2000 [ 90%]  (Sampling)"
"1","
"
"1","Iteration: 2000 / 2000 [100%]  (Sampling)"
"1","
"
"1","
"
"1"," Elapsed Time: 0.033 seconds (Warm-up)"
"1","
"
"1","               0.066 seconds (Sampling)"
"1","
"
"1","               0.099 seconds (Total)"
"1","
"
"1","
"
"2","Start sampling
"
"1","
"
"1","SAMPLING"
"1"," FOR MODEL '"
"1","gaussian brms-model"
"1","' NOW (CHAIN "
"1","1"
"1",").
"
"1","
"
"1","Gradient evaluation took 0 seconds"
"1","
"
"1","1000 transitions using 10 leapfrog steps per transition would take 0 seconds."
"1","
"
"1","Adjust your expectations accordingly!"
"1","
"
"1","
"
"1","
"
"1","Iteration:    1 / 2000 [  0%]  (Warmup)"
"1","
"
"1","Iteration:  200 / 2000 [ 10%]  (Warmup)"
"1","
"
"1","Iteration:  400 / 2000 [ 20%]  (Warmup)"
"1","
"
"1","Iteration:  600 / 2000 [ 30%]  (Warmup)"
"1","
"
"1","Iteration:  800 / 2000 [ 40%]  (Warmup)"
"1","
"
"1","Iteration: 1000 / 2000 [ 50%]  (Warmup)"
"1","
"
"1","Iteration: 1001 / 2000 [ 50%]  (Sampling)"
"1","
"
"1","Iteration: 1200 / 2000 [ 60%]  (Sampling)"
"1","
"
"1","Iteration: 1400 / 2000 [ 70%]  (Sampling)"
"1","
"
"1","Iteration: 1600 / 2000 [ 80%]  (Sampling)"
"1","
"
"1","Iteration: 1800 / 2000 [ 90%]  (Sampling)"
"1","
"
"1","Iteration: 2000 / 2000 [100%]  (Sampling)"
"1","
"
"1","
"
"1"," Elapsed Time: 0.061 seconds (Warm-up)"
"1","
"
"1","               0.06 seconds (Sampling)"
"1","
"
"1","               0.121 seconds (Total)"
"1","
"
"1","
"
"2","Start sampling
"
"1","
"
"1","SAMPLING"
"1"," FOR MODEL '"
"1","gaussian brms-model"
"1","' NOW (CHAIN "
"1","1"
"1",").
"
"1","
"
"1","Gradient evaluation took 0 seconds"
"1","
"
"1","1000 transitions using 10 leapfrog steps per transition would take 0 seconds."
"1","
"
"1","Adjust your expectations accordingly!"
"1","
"
"1","
"
"1","
"
"1","Iteration:    1 / 2000 [  0%]  (Warmup)"
"1","
"
"1","Iteration:  200 / 2000 [ 10%]  (Warmup)"
"1","
"
"1","Iteration:  400 / 2000 [ 20%]  (Warmup)"
"1","
"
"1","Iteration:  600 / 2000 [ 30%]  (Warmup)"
"1","
"
"1","Iteration:  800 / 2000 [ 40%]  (Warmup)"
"1","
"
"1","Iteration: 1000 / 2000 [ 50%]  (Warmup)"
"1","
"
"1","Iteration: 1001 / 2000 [ 50%]  (Sampling)"
"1","
"
"1","Iteration: 1200 / 2000 [ 60%]  (Sampling)"
"1","
"
"1","Iteration: 1400 / 2000 [ 70%]  (Sampling)"
"1","
"
"1","Iteration: 1600 / 2000 [ 80%]  (Sampling)"
"1","
"
"1","Iteration: 1800 / 2000 [ 90%]  (Sampling)"
"1","
"
"1","Iteration: 2000 / 2000 [100%]  (Sampling)"
"1","
"
"1","
"
"1"," Elapsed Time: 0.047 seconds (Warm-up)"
"1","
"
"1","               0.032 seconds (Sampling)"
"1","
"
"1","               0.079 seconds (Total)"
"1","
"
"1","
"
"2","Start sampling
"
"1","
"
"1","
"
"1","Iteration:  400 / 2000 [ 20%]  (Warmup)"
"1","
"
"1","Iteration:  600 / 2000 [ 30%]  (Warmup)"
"1","
"
"1","Iteration:  800 / 2000 [ 40%]  (Warmup)"
"1","
"
"1","Iteration: 1000 / 2000 [ 50%]  (Warmup)"
"1","
"
"1","Iteration: 1001 / 2000 [ 50%]  (Sampling)"
"1","
"
"1","Iteration: 1200 / 2000 [ 60%]  (Sampling)"
"1","
"
"1","Iteration: 1400 / 2000 [ 70%]  (Sampling)"
"1","
"
"1","Iteration: 1600 / 2000 [ 80%]  (Sampling)"
"1","
"
"1","Iteration: 1800 / 2000 [ 90%]  (Sampling)"
"1","
"
"1","Iteration: 2000 / 2000 [100%]  (Sampling)"
"1","
"
"1","
"
"1"," Elapsed Time: 0.046 seconds (Warm-up)"
"1","
"
"1","               0.026 seconds (Sampling)"
"1","
"
"1","               0.072 seconds (Total)"
"1","
"
"1","
"
"2","Start sampling
"
"1","
"
"1","SAMPLING"
"1"," FOR MODEL '"
"1","gaussian brms-model"
"1","' NOW (CHAIN "
"1","1"
"1",").
"
"1","
"
"1","Gradient evaluation took 0 seconds"
"1","
"
"1","1000 transitions using 10 leapfrog steps per transition would take 0 seconds."
"1","
"
"1","Adjust your expectations accordingly!"
"1","
"
"1","
"
"1","
"
"1","Iteration:    1 / 2000 [  0%]  (Warmup)"
"1","
"
"1","Iteration:  200 / 2000 [ 10%]  (Warmup)"
"1","
"
"1","Iteration:  400 / 2000 [ 20%]  (Warmup)"
"1","
"
"1","Iteration:  600 / 2000 [ 30%]  (Warmup)"
"1","
"
"1","Iteration:  800 / 2000 [ 40%]  (Warmup)"
"1","
"
"1","Iteration: 1000 / 2000 [ 50%]  (Warmup)"
"1","
"
"1","Iteration: 1001 / 2000 [ 50%]  (Sampling)"
"1","
"
"1","Iteration: 1200 / 2000 [ 60%]  (Sampling)"
"1","
"
"1","Iteration: 1400 / 2000 [ 70%]  (Sampling)"
"1","
"
"1","Iteration: 1600 / 2000 [ 80%]  (Sampling)"
"1","
"
"1","Iteration: 1800 / 2000 [ 90%]  (Sampling)"
"1","
"
"1","Iteration: 2000 / 2000 [100%]  (Sampling)"
"1","
"
"1","
"
"1"," Elapsed Time: 0.031 seconds (Warm-up)"
"1","
"
"1","               0.035 seconds (Sampling)"
"1","
"
"1","               0.066 seconds (Total)"
"1","
"
"1","
"
"2","Start sampling
"
"1","
"
"1","SAMPLING"
"1"," FOR MODEL '"
"1","gaussian brms-model"
"1","' NOW (CHAIN "
"1","1"
"1",").
"
"1","
"
"1","Gradient evaluation took 0 seconds"
"1","
"
"1","1000 transitions using 10 leapfrog steps per transition would take 0 seconds."
"1","
"
"1","Adjust your expectations accordingly!"
"1","
"
"1","
"
"1","
"
"1","Iteration:    1 / 2000 [  0%]  (Warmup)"
"1","
"
"1","Iteration:  200 / 2000 [ 10%]  (Warmup)"
"1","Iteration: 1000 / 2000 [ 50%]  (Warmup)"
"1","
"
"1","Iteration: 1001 / 2000 [ 50%]  (Sampling)"
"1","
"
"1","Iteration: 1200 / 2000 [ 60%]  (Sampling)"
"1","
"
"1","Iteration: 1400 / 2000 [ 70%]  (Sampling)"
"1","
"
"1","Iteration: 1600 / 2000 [ 80%]  (Sampling)"
"1","
"
"1","Iteration: 1800 / 2000 [ 90%]  (Sampling)"
"1","
"
"1","Iteration: 2000 / 2000 [100%]  (Sampling)"
"1","
"
"1","
"
"1"," Elapsed Time: 0.047 seconds (Warm-up)"
"1","
"
"1","               0.031 seconds (Sampling)"
"1","
"
"1","               0.078 seconds (Total)"
"1","
"
"1","
"
"2","Start sampling
"
"1","
"
"1","SAMPLING"
"1"," FOR MODEL '"
"1","gaussian brms-model"
"1","' NOW (CHAIN "
"1","1"
"1",").
"
"1","
"
"1","Gradient evaluation took 0 seconds"
"1","
"
"1","1000 transitions using 10 leapfrog steps per transition would take 0 seconds."
"1","
"
"1","Adjust your expectations accordingly!"
"1","
"
"1","
"
"1","
"
"1","Iteration:    1 / 2000 [  0%]  (Warmup)"
"1","
"
"1","Iteration:  200 / 2000 [ 10%]  (Warmup)"
"1","
"
"1","Iteration:  400 / 2000 [ 20%]  (Warmup)"
"1","
"
"1","Iteration:  600 / 2000 [ 30%]  (Warmup)"
"1","
"
"1","Iteration:  800 / 2000 [ 40%]  (Warmup)"
"1","
"
"1","Iteration: 1000 / 2000 [ 50%]  (Warmup)"
"1","
"
"1","Iteration: 1001 / 2000 [ 50%]  (Sampling)"
"1","
"
"1","Iteration: 1200 / 2000 [ 60%]  (Sampling)"
"1","
"
"1","Iteration: 1400 / 2000 [ 70%]  (Sampling)"
"1","
"
"1","Iteration: 1600 / 2000 [ 80%]  (Sampling)"
"1","
"
"1","Iteration: 1800 / 2000 [ 90%]  (Sampling)"
"1","
"
"1","Iteration: 2000 / 2000 [100%]  (Sampling)"
"1","
"
"1","
"
"1"," Elapsed Time: 0.032 seconds (Warm-up)"
"1","
"
"1","               0.031 seconds (Sampling)"
"1","
"
"1","               0.063 seconds (Total)"
"1","
"
"1","
"
"2","Start sampling
"
"1","
"
"1","SAMPLING"
"1"," FOR MODEL '"
"1","gaussian brms-model"
"1","' NOW (CHAIN "
"1","1"
"1",").
"
"1","
"
"1","Gradient evaluation took 0 seconds"
"1","
"
"1","1000 transitions using 10 leapfrog steps per transition would take 0 seconds."
"1","
"
"1","Adjust your expectations accordingly!"
"1","
"
"1","
"
"1","
"
"1","Iteration:    1 / 2000 [  0%]  (Warmup)"
"1","
"
"1","Iteration:  200 / 2000 [ 10%]  (Warmup)"
"1","
"
"1","Iteration:  400 / 2000 [ 20%]  (Warmup)"
"1","
"
"1","Iteration:  600 / 2000 [ 30%]  (Warmup)"
"1","
"
"1","Iteration:  800 / 2000 [ 40%]  (Warmup)"
"1","
"
"1","Iteration: 1000 / 2000 [ 50%]  (Warmup)"
"1","
"
"1","Iteration: 1001 / 2000 [ 50%]  (Sampling)"
"1","
"
"1","Iteration: 1200 / 2000 [ 60%]  (Sampling)"
"1","
"
"1","Iteration: 1400 / 2000 [ 70%]  (Sampling)"
"1","
"
"1","Iteration: 1600 / 2000 [ 80%]  (Sampling)"
"1","
"
"1","Iteration: 1800 / 2000 [ 90%]  (Sampling)"
"1","
"
"1","Iteration: 2000 / 2000 [100%]  (Sampling)"
"1","
"
"1","
"
"1"," Elapsed Time: 0.031 seconds (Warm-up)"
"1","
"
"1","               0.031 seconds (Sampling)"
"1","
"
"1","               0.062 seconds (Total)"
"1","
"
"1","
"
"2","Start sampling
"
"1","
"
"1","SAMPLING"
"1"," FOR MODEL '"
"1","gaussian brms-model"
"1","' NOW (CHAIN "
"1","1"
"1",").
"
"1","
"
"1","Gradient evaluation took 0 seconds"
"1","
"
"1","1000 transitions using 10 leapfrog steps per transition would take 0 seconds."
"1","
"
"1","Adjust your expectations accordingly!"
"1","
"
"1","
"
"1","
"
"1","Iteration:    1 / 2000 [  0%]  (Warmup)"
"1","
"
"1","Iteration:  200 / 2000 [ 10%]  (Warmup)"
"1","
"
"1","Iteration:  400 / 2000 [ 20%]  (Warmup)"
"1","
"
"1","Iteration:  600 / 2000 [ 30%]  (Warmup)"
"1","
"
"1","Iteration:  800 / 2000 [ 40%]  (Warmup)"
"1","
"
"1","Iteration: 1000 / 2000 [ 50%]  (Warmup)"
"1","
"
"1","Iteration: 1001 / 2000 [ 50%]  (Sampling)"
"1","
"
"1","Iteration: 1200 / 2000 [ 60%]  (Sampling)"
"1","
"
"1","Iteration: 1400 / 2000 [ 70%]  (Sampling)"
"1","
"
"1","Iteration: 1600 / 2000 [ 80%]  (Sampling)"
"1","
"
"1","Iteration: 1800 / 2000 [ 90%]  (Sampling)"
"1","
"
"1","Iteration: 2000 / 2000 [100%]  (Sampling)"
"1","
"
"1","
"
"1"," Elapsed Time: 0.047 seconds (Warm-up)"
"1","
"
"1","               0.032 seconds (Sampling)"
"1","
"
"1","               0.079 seconds (Total)"
"1","
"
"1","
"
"2","
"
